{
  "countries": [
    {
      "code": "AF",
      "name": "Afghanistan",
      "zipcode": "+93",
      "flag": "🇦🇫"
    },
    {
      "code": "AL",
      "name": "Albania",
      "zipcode": "+355",
      "flag": "🇦🇱"
    },
    {
      "code": "DZ",
      "name": "Algeria",
      "zipcode": "+213",
      "flag": "🇩🇿"
    },
    {
      "code": "AS",
      "name": "American Samoa",
      "zipcode": "+1 684",
      "flag": "🇦🇸"
    },
    {
      "code": "AD",
      "name": "Andorra",
      "zipcode": "+376",
      "flag": "🇦🇩"
    },
    {
      "code": "AO",
      "name": "Angola",
      "zipcode": "+244",
      "flag": "🇦🇴"
    },
    {
      "code": "AI",
      "name": "Anguilla",
      "zipcode": "+1 264",
      "flag": "🇦🇮"
    },
    {
      "code": "AQ",
      "name": "Antarctica",
      "zipcode": "+672",
      "flag": "🇦🇶"
    },
    {
      "code": "AG",
      "name": "Antigua and Barbuda",
      "zipcode": "+1 268",
      "flag": "🇦🇬"
    },
    {
      "code": "AR",
      "name": "Argentina",
      "zipcode": "+54",
      "flag": "🇦🇷"
    },
    {
      "code": "AM",
      "name": "Armenia",
      "zipcode": "+374",
      "flag": "🇦🇲"
    },
    {
      "code": "AW",
      "name": "Aruba",
      "zipcode": "+297",
      "flag": "🇦🇼"
    },
    {
      "code": "AU",
      "name": "Australia",
      "zipcode": "+61",
      "flag": "🇦🇺"
    },
    {
      "code": "AT",
      "name": "Austria",
      "zipcode": "+43",
      "flag": "🇦🇹"
    },
    {
      "code": "AZ",
      "name": "Azerbaijan",
      "zipcode": "+994",
      "flag": "🇦🇿"
    },
    {
      "code": "BS",
      "name": "Bahamas",
      "zipcode": "+1 242",
      "flag": "🇧🇸"
    },
    {
      "code": "BH",
      "name": "Bahrain",
      "zipcode": "+973",
      "flag": "🇧🇭"
    },
    {
      "code": "BD",
      "name": "Bangladesh",
      "zipcode": "+880",
      "flag": "🇧🇩"
    },
    {
      "code": "BB",
      "name": "Barbados",
      "zipcode": "+1 246",
      "flag": "🇧🇧"
    },
    {
      "code": "BY",
      "name": "Belarus",
      "zipcode": "+375",
      "flag": "🇧🇾"
    },
    {
      "code": "BE",
      "name": "Belgium",
      "zipcode": "+32",
      "flag": "🇧🇪"
    },
    {
      "code": "BZ",
      "name": "Belize",
      "zipcode": "+501",
      "flag": "🇧🇿"
    },
    {
      "code": "BJ",
      "name": "Benin",
      "zipcode": "+229",
      "flag": "🇧🇯"
    },
    {
      "code": "BM",
      "name": "Bermuda",
      "zipcode": "+1 441",
      "flag": "🇧🇲"
    },
    {
      "code": "BT",
      "name": "Bhutan",
      "zipcode": "+975",
      "flag": "🇧🇹"
    },
    {
      "code": "BO",
      "name": "Bolivia",
      "zipcode": "+591",
      "flag": "🇧🇴"
    },
    {
      "code": "BA",
      "name": "Bosnia and Herzegovina",
      "zipcode": "+387",
      "flag": "🇧🇦"
    },
    {
      "code": "BW",
      "name": "Botswana",
      "zipcode": "+267",
      "flag": "🇧🇼"
    },
    {
      "code": "BV",
      "name": "Bouvet Island",
      "zipcode": "+47",
      "flag": "🇧🇻"
    },
    {
      "code": "BR",
      "name": "Brazil",
      "zipcode": "+55",
      "flag": "🇧🇷"
    },
    {
      "code": "IO",
      "name": "British Indian Ocean Territory",
      "zipcode": "+246",
      "flag": "🇮🇴"
    },
    {
      "code": "BN",
      "name": "Brunei Darussalam",
      "zipcode": "+673",
      "flag": "🇧🇳"
    },
    {
      "code": "BG",
      "name": "Bulgaria",
      "zipcode": "+359",
      "flag": "🇧🇬"
    },
    {
      "code": "BF",
      "name": "Burkina Faso",
      "zipcode": "+226",
      "flag": "🇧🇫"
    },
    {
      "code": "BI",
      "name": "Burundi",
      "zipcode": "+257",
      "flag": "🇧🇮"
    },
    {
      "code": "KH",
      "name": "Cambodia",
      "zipcode": "+855",
      "flag": "🇰🇭"
    },
    {
      "code": "CM",
      "name": "Cameroon",
      "zipcode": "+237",
      "flag": "🇨🇲"
    },
    {
      "code": "CA",
      "name": "Canada",
      "zipcode": "+1",
      "flag": "🇨🇦"
    },
    {
      "code": "CV",
      "name": "Cape Verde",
      "zipcode": "+238",
      "flag": "🇨🇻"
    },
    {
      "code": "KY",
      "name": "Cayman Islands",
      "zipcode": "+1 345",
      "flag": "🇰🇾"
    },
    {
      "code": "CF",
      "name": "Central African Republic",
      "zipcode": "+236",
      "flag": "🇨🇫"
    },
    {
      "code": "TD",
      "name": "Chad",
      "zipcode": "+235",
      "flag": "🇹🇩"
    },
    {
      "code": "CL",
      "name": "Chile",
      "zipcode": "+56",
      "flag": "🇨🇱"
    },
    {
      "code": "CN",
      "name": "China",
      "zipcode": "+86",
      "flag": "🇨🇳"
    },
    {
      "code": "CX",
      "name": "Christmas Island",
      "zipcode": "+61",
      "flag": "🇨🇽"
    },
    {
      "code": "CC",
      "name": "Cocos (Keeling) Islands",
      "zipcode": "+61",
      "flag": "🇨🇨"
    },
    {
      "code": "CO",
      "name": "Colombia",
      "zipcode": "+57",
      "flag": "🇨🇴"
    },
    {
      "code": "KM",
      "name": "Comoros",
      "zipcode": "+269",
      "flag": "🇰🇲"
    },
    {
      "code": "CG",
      "name": "Congo",
      "zipcode": "+242",
      "flag": "🇨🇬"
    },
    {
      "code": "CD",
      "name": "Congo, The Democratic Republic of The",
      "zipcode": "+243",
      "flag": "🇨🇩"
    },
    {
      "code": "CK",
      "name": "Cook Islands",
      "zipcode": "+682",
      "flag": "🇨🇰"
    },
    {
      "code": "CR",
      "name": "Costa Rica",
      "zipcode": "+506",
      "flag": "🇨🇷"
    },
    {
      "code": "CIV",
      "name": "Cote D'ivoire",
      "zipcode": "+225",
      "flag": "🇨🇮"
    },
    {
      "code": "HR",
      "name": "Croatia",
      "zipcode": "+385",
      "flag": "🇭🇷"
    },
    {
      "code": "CU",
      "name": "Cuba",
      "zipcode": "+53",
      "flag": "🇨🇺"
    },
    {
      "code": "CY",
      "name": "Cyprus",
      "zipcode": "+357",
      "flag": "🇨🇾"
    },
    {
      "code": "CZ",
      "name": "Czech Republic",
      "zipcode": "+420",
      "flag": "🇨🇿"
    },
    {
      "code": "DK",
      "name": "Denmark",
      "zipcode": "+45",
      "flag": "🇩🇰"
    },
    {
      "code": "DJ",
      "name": "Djibouti",
      "zipcode": "+253",
      "flag": "🇩🇯"
    },
    {
      "code": "DM",
      "name": "Dominica",
      "zipcode": "+1 767",
      "flag": "🇩🇲"
    },
    {
      "code": "DO",
      "name": "Dominican Republic",
      "zipcode": "+1 849",
      "flag": "🇩🇴"
    },
    {
      "code": "EC",
      "name": "Ecuador",
      "zipcode": "+593",
      "flag": "🇪🇨"
    },
    {
      "code": "EG",
      "name": "Egypt",
      "zipcode": "+20",
      "flag": "🇪🇬"
    },
    {
      "code": "SV",
      "name": "El Salvador",
      "zipcode": "+503",
      "flag": "🇸🇻"
    },
    {
      "code": "GQ",
      "name": "Equatorial Guinea",
      "zipcode": "+240",
      "flag": "🇬🇶"
    },
    {
      "code": "ER",
      "name": "Eritrea",
      "zipcode": "+291",
      "flag": "🇪🇷"
    },
    {
      "code": "EE",
      "name": "Estonia",
      "zipcode": "+372",
      "flag": "🇪🇪"
    },
    {
      "code": "ET",
      "name": "Ethiopia",
      "zipcode": "+251",
      "flag": "🇪🇹"
    },
    {
      "code": "FK",
      "name": "Falkland Islands (Malvinas)",
      "zipcode": "+500",
      "flag": "🇫🇰"
    },
    {
      "code": "FO",
      "name": "Faroe Islands",
      "zipcode": "+298",
      "flag": "🇫🇴"
    },
    {
      "code": "FJ",
      "name": "Fiji",
      "zipcode": "+679",
      "flag": "🇫🇯"
    },
    {
      "code": "FI",
      "name": "Finland",
      "zipcode": "+358",
      "flag": "🇫🇮"
    },
    {
      "code": "FR",
      "name": "France",
      "zipcode": "+33",
      "flag": "🇫🇷"
    },
    {
      "code": "GF",
      "name": "French Guiana",
      "zipcode": "+594",
      "flag": "🇬🇫"
    },
    {
      "code": "PF",
      "name": "French Polynesia",
      "zipcode": "+689",
      "flag": "🇵🇫"
    },
    {
      "code": "TF",
      "name": "French Southern Territories",
      "zipcode": "+262",
      "flag": "🇹🇫"
    },
    {
      "code": "GA",
      "name": "Gabon",
      "zipcode": "+241",
      "flag": "🇬🇦"
    },
    {
      "code": "GM",
      "name": "Gambia",
      "zipcode": "+220",
      "flag": "🇬🇲"
    },
    {
      "code": "GE",
      "name": "Georgia",
      "zipcode": "+995",
      "flag": "🇬🇪"
    },
    {
      "code": "DE",
      "name": "Germany",
      "zipcode": "+49",
      "flag": "🇩🇪"
    },
    {
      "code": "GHA",
      "name": "Ghana",
      "zipcode": "+233",
      "flag": "🇬🇭"
    },
    {
      "code": "GI",
      "name": "Gibraltar",
      "zipcode": "+350",
      "flag": "🇬🇮"
    },
    {
      "code": "GR",
      "name": "Greece",
      "zipcode": "+30",
      "flag": "🇬🇷"
    },
    {
      "code": "GL",
      "name": "Greenland",
      "zipcode": "+299",
      "flag": "🇬🇱"
    },
    {
      "code": "GD",
      "name": "Grenada",
      "zipcode": "+1 473",
      "flag": "🇬🇩"
    },
    {
      "code": "GP",
      "name": "Guadeloupe",
      "zipcode": "+590",
      "flag": "🇬🇵"
    },
    {
      "code": "GU",
      "name": "Guam",
      "zipcode": "+1 671",
      "flag": "🇬🇺"
    },
    {
      "code": "GT",
      "name": "Guatemala",
      "zipcode": "+502",
      "flag": "🇬🇹"
    },
    {
      "code": "GN",
      "name": "Guinea",
      "zipcode": "+224",
      "flag": "🇬🇳"
    },
    {
      "code": "GW",
      "name": "Guinea-bissau",
      "zipcode": "+245",
      "flag": "🇬🇼"
    },
    {
      "code": "GY",
      "name": "Guyana",
      "zipcode": "+592",
      "flag": "🇬🇾"
    },
    {
      "code": "HT",
      "name": "Haiti",
      "zipcode": "+509",
      "flag": "🇭🇹"
    },
    {
      "code": "HM",
      "name": "Heard Island and Mcdonald Islands",
      "zipcode": "+672",
      "flag": "🇭🇲"
    },
    {
      "code": "VA",
      "name": "Holy See (Vatican City State)",
      "zipcode": "+379",
      "flag": "🇻🇦"
    },
    {
      "code": "HN",
      "name": "Honduras",
      "zipcode": "+504",
      "flag": "🇭🇳"
    },
    {
      "code": "HK",
      "name": "Hong Kong",
      "zipcode": "+852",
      "flag": "🇭🇰"
    },
    {
      "code": "HU",
      "name": "Hungary",
      "zipcode": "+36",
      "flag": "🇭🇺"
    },
    {
      "code": "IS",
      "name": "Iceland",
      "zipcode": "+354",
      "flag": "🇮🇸"
    },
    {
      "code": "IN",
      "name": "India",
      "zipcode": "+91",
      "flag": "🇮🇳"
    },
    {
      "code": "ID",
      "name": "Indonesia",
      "zipcode": "+62",
      "flag": "🇮🇩"
    },
    {
      "code": "IR",
      "name": "Iran, Islamic Republic of",
      "zipcode": "+98",
      "flag": "🇮🇷"
    },
    {
      "code": "IQ",
      "name": "Iraq",
      "zipcode": "+964",
      "flag": "🇮🇶"
    },
    {
      "code": "IE",
      "name": "Ireland",
      "zipcode": "+353",
      "flag": "🇮🇪"
    },
    {
      "code": "IL",
      "name": "Israel",
      "zipcode": "+972",
      "flag": "🇮🇱"
    },
    {
      "code": "IT",
      "name": "Italy",
      "zipcode": "+39",
      "flag": "🇮🇹"
    },
    {
      "code": "JM",
      "name": "Jamaica",
      "zipcode": "+1 876",
      "flag": "🇯🇲"
    },
    {
      "code": "JP",
      "name": "Japan",
      "zipcode": "+81",
      "flag": "🇯🇵"
    },
    {
      "code": "JO",
      "name": "Jordan",
      "zipcode": "+962",
      "flag": "🇯🇴"
    },
    {
      "code": "KZ",
      "name": "Kazakhstan",
      "zipcode": "+7",
      "flag": "🇰🇿"
    },
    {
      "code": "KE",
      "name": "Kenya",
      "zipcode": "+254",
      "flag": "🇰🇪"
    },
    {
      "code": "KI",
      "name": "Kiribati",
      "zipcode": "+686",
      "flag": "🇰🇮"
    },
    {
      "code": "KP",
      "name": "Korea, Democratic People's Republic of",
      "zipcode": "+850",
      "flag": "🇰🇵"
    },
    {
      "code": "KR",
      "name": "Korea, Republic of",
      "zipcode": "+82",
      "flag": "🇰🇷"
    },
    {
      "code": "KW",
      "name": "Kuwait",
      "zipcode": "+965",
      "flag": "🇰🇼"
    },
    {
      "code": "KG",
      "name": "Kyrgyzstan",
      "zipcode": "+996",
      "flag": "🇰🇬"
    },
    {
      "code": "LA",
      "name": "Lao People's Democratic Republic",
      "zipcode": "+856",
      "flag": "🇱🇦"
    },
    {
      "code": "LV",
      "name": "Latvia",
      "zipcode": "+371",
      "flag": "🇱🇻"
    },
    {
      "code": "LB",
      "name": "Lebanon",
      "zipcode": "+961",
      "flag": "🇱🇧"
    },
    {
      "code": "LS",
      "name": "Lesotho",
      "zipcode": "+266",
      "flag": "🇱🇸"
    },
    {
      "code": "LR",
      "name": "Liberia",
      "zipcode": "+231",
      "flag": "🇱🇷"
    },
    {
      "code": "LY",
      "name": "Libyan Arab Jamahiriya",
      "zipcode": "+218",
      "flag": "🇱🇾"
    },
    {
      "code": "LI",
      "name": "Liechtenstein",
      "zipcode": "+423",
      "flag": "🇱🇮"
    },
    {
      "code": "LT",
      "name": "Lithuania",
      "zipcode": "+370",
      "flag": "🇱🇹"
    },
    {
      "code": "LU",
      "name": "Luxembourg",
      "zipcode": "+352",
      "flag": "🇱🇺"
    },
    {
      "code": "MO",
      "name": "Macao",
      "zipcode": "+853",
      "flag": "🇲🇴"
    },
    {
      "code": "MK",
      "name": "Macedonia, The Former Yugoslav Republic of",
      "zipcode": "+389",
      "flag": "🇲🇰"
    },
    {
      "code": "MG",
      "name": "Madagascar",
      "zipcode": "+261",
      "flag": "🇲🇬"
    },
    {
      "code": "MW",
      "name": "Malawi",
      "zipcode": "+265",
      "flag": "🇲🇼"
    },
    {
      "code": "MY",
      "name": "Malaysia",
      "zipcode": "+60",
      "flag": "🇲🇾"
    },
    {
      "code": "MV",
      "name": "Maldives",
      "zipcode": "+960",
      "flag": "🇲🇻"
    },
    {
      "code": "ML",
      "name": "Mali",
      "zipcode": "+223",
      "flag": "🇲🇱"
    },
    {
      "code": "MT",
      "name": "Malta",
      "zipcode": "+356",
      "flag": "🇲🇹"
    },
    {
      "code": "MH",
      "name": "Marshall Islands",
      "zipcode": "+692",
      "flag": "🇲🇭"
    },
    {
      "code": "MQ",
      "name": "Martinique",
      "zipcode": "+596",
      "flag": "🇲🇶"
    },
    {
      "code": "MR",
      "name": "Mauritania",
      "zipcode": "+222",
      "flag": "🇲🇷"
    },
    {
      "code": "MU",
      "name": "Mauritius",
      "zipcode": "+230",
      "flag": "🇲🇺"
    },
    {
      "code": "YT",
      "name": "Mayotte",
      "zipcode": "+262",
      "flag": "🇾🇹"
    },
    {
      "code": "MX",
      "name": "Mexico",
      "zipcode": "+52",
      "flag": "🇲🇽"
    },
    {
      "code": "FM",
      "name": "Micronesia, Federated States of",
      "zipcode": "+691",
      "flag": "🇫🇲"
    },
    {
      "code": "MD",
      "name": "Moldova, Republic of",
      "zipcode": "+373",
      "flag": "🇲🇩"
    },
    {
      "code": "MC",
      "name": "Monaco",
      "zipcode": "+377",
      "flag": "🇲🇨"
    },
    {
      "code": "MN",
      "name": "Mongolia",
      "zipcode": "+976",
      "flag": "🇲🇳"
    },
    {
      "code": "MS",
      "name": "Montserrat",
      "zipcode": "+1 664",
      "flag": "🇲🇸"
    },
    {
      "code": "MA",
      "name": "Morocco",
      "zipcode": "+212",
      "flag": "🇲🇦"
    },
    {
      "code": "MZ",
      "name": "Mozambique",
      "zipcode": "+258",
      "flag": "🇲🇿"
    },
    {
      "code": "MM",
      "name": "Myanmar",
      "zipcode": "+95",
      "flag": "🇲🇲"
    },
    {
      "code": "NA",
      "name": "Namibia",
      "zipcode": "+264",
      "flag": "🇳🇦"
    },
    {
      "code": "NR",
      "name": "Nauru",
      "zipcode": "+674",
      "flag": "🇳🇷"
    },
    {
      "code": "NP",
      "name": "Nepal",
      "zipcode": "+977",
      "flag": "🇳🇵"
    },
    {
      "code": "NL",
      "name": "Netherlands",
      "zipcode": "+31",
      "flag": "🇳🇱"
    },
    {
      "code": "AN",
      "name": "Netherlands Antilles",
      "zipcode": "+599",
      "flag": "🇦🇳"
    },
    {
      "code": "NC",
      "name": "New Caledonia",
      "zipcode": "+687",
      "flag": "🇳🇨"
    },
    {
      "code": "NZ",
      "name": "New Zealand",
      "zipcode": "+64",
      "flag": "🇳🇿"
    },
    {
      "code": "NI",
      "name": "Nicaragua",
      "zipcode": "+505",
      "flag": "🇳🇮"
    },
    {
      "code": "NE",
      "name": "Niger",
      "zipcode": "+227",
      "flag": "🇳🇪"
    },
    {
      "code": "NG",
      "name": "Nigeria",
      "zipcode": "+234",
      "flag": "🇳🇬",
      "states": [
        {
          "name": "Abia",
          "code": "AB",
          "towns": [
            "Aba",
            "Arochukwu",
            "Umuahia",
            "Ohafia",
            "Bende",
            "Isuikwuato",
            "Arochukwu",
            "Umuahia",
            "Ohafia",
            "Bende",
            "Isuikwuato"
          ]
        },
        {
          "name": "Adamawa",
          "code": "AD",
          "towns": [
            "Fufore",
            "Ganye",
            "Girei",
            "Gombi",
            "Guyuk",
            "Hong",
            "Jada",
            "Lamurde",
            "Madagali",
            "Maiha",
            "Mayo-Belwa",
            "Michika",
            "Mubi North",
            "Mubi South",
            "Numan",
            "Shelleng",
            "Song",
            "Toungo",
            "Yola North",
            "Yola South"
          ]
        },
        {
          "name": "Akwa Ibom",
          "code": "AK",
          "towns": [
            "Abak",
            "Eastern Obolo",
            "Eket",
            "Esit-Eket",
            "Essien Udim",
            "Etim-Ekpo",
            "Etinan",
            "Ibeno",
            "Ibesikpo-Asutan",
            "Ibiono-Ibom",
            "Ika",
            "Ikono",
            "Ikot Abasi",
            "Ikot Ekpene",
            "Ini",
            "Itu",
            "Mbo",
            "Mkpat-Enin",
            "Nsit-Atai",
            "Nsit-Ibom",
            "Nsit-Ubium",
            "Obot-Akara",
            "Okobo",
            "Onna",
            "Oron",
            "Oruk Anam",
            "Udung-Uko",
            "Ukanafun",
            "Uruan",
            "Urue-Offong/Oruko",
            "Uyo"
          ]
        },
        {
          "name": "Anambra",
          "code": "AN",
          "towns": [
            "Aguata",
            "Anambra East",
            "Anambra West",
            "Anaocha",
            "Awka North",
            "Awka South",
            "Ayamelum",
            "Dunukofia",
            "Ekwusigo",
            "Idemili North",
            "Idemili South",
            "Ihiala",
            "Njikoka",
            "Nnewi North",
            "Nnewi South",
            "Ogbaru",
            "Onitsha North",
            "Onitsha South",
            "Orumba North",
            "Orumba South",
            "Oyi"
          ]
        },
        {
          "name": "Bauchi",
          "code": "BA",
          "towns": [
            "Alkaleri",
            "Bauchi",
            "Bogoro",
            "Damban",
            "Darazo",
            "Dass",
            "Gamawa",
            "Ganjuwa",
            "Giade",
            "Itas/Gadau",
            "Jama'are",
            "Katagum",
            "Kirfi",
            "Misau",
            "Ningi",
            "Shira",
            "Tafawa-Balewa",
            "Toro",
            "Warji",
            "Zaki"
          ]
        },
        {
          "name": "Bayelsa",
          "code": "BY",
          "towns": ["Brass", "Ekeremor", "Kolokuma/Opokuma", "Nembe", "Ogbia", "Sagbama", "Southern Jaw", "Yenagoa"]
        },
        {
          "name": "Benue",
          "code": "BE",
          "towns": [
            "Ado",
            "Agatu",
            "Apa",
            "Buruku",
            "Gboko",
            "Guma",
            "Gwer East",
            "Gwer West",
            "Katsina-Ala",
            "Konshisha",
            "Kwande",
            "Logo",
            "Makurdi",
            "Obi",
            "Ogbadibo",
            "Ohimini",
            "Oju",
            "Okpokwu",
            "Oturkpo",
            "Tarka",
            "Ukum",
            "Ushongo",
            "Vandeikya"
          ]
        },
        {
          "name": "Borno",
          "code": "BO",
          "towns": [
            "Abadam",
            "Askira/Uba",
            "Bama",
            "Bayo",
            "Biu",
            "Chibok",
            "Damboa",
            "Dikwa",
            "Gubio",
            "Guzamala",
            "Gwoza",
            "Hawul",
            "Jere",
            "Kaga",
            "Kala/Balge",
            "Konduga",
            "Kukawa",
            "Kwaya Kusar",
            "Mafa",
            "Magumeri",
            "Maiduguri",
            "Marte",
            "Mobbar",
            "Monguno",
            "Ngala",
            "Nganzai",
            "Shani"
          ]
        },
        {
          "name": "Cross River",
          "code": "CR",
          "towns": [
            "Abi",
            "Akamkpa",
            "Akpabuyo",
            "Bakassi",
            "Bekwarra",
            "Biase",
            "Boki",
            "Calabar Municipal",
            "Calabar South",
            "Etung",
            "Ikom",
            "Obanliku",
            "Obubra",
            "Obudu",
            "Odukpani",
            "Ogoja",
            "Yakuur",
            "Yala"
          ]
        },
        {
          "name": "Delta",
          "code": "DE",
          "towns": [
            "Aniocha North",
            "Aniocha South",
            "Bomadi",
            "Burutu",
            "Ethiope East",
            "Ethiope West",
            "Ika North East",
            "Ika South",
            "Isoko North",
            "Isoko South",
            "Ndokwa East",
            "Ndokwa West",
            "Okpe",
            "Oshimili North",
            "Oshimili South",
            "Patani",
            "Sapele",
            "Udu",
            "Ughelli North",
            "Ughelli South",
            "Ukwuani",
            "Uvwie",
            "Warri North",
            "Warri South",
            "Warri South West"
          ]
        },
        {
          "name": "Ebonyi",
          "code": "EB",
          "towns": [
            "Abakaliki",
            "Afikpo North",
            "Afikpo South",
            "Ebonyi",
            "Ezza North",
            "Ezza South",
            "Ikwo",
            "Ishielu",
            "Ivo",
            "Izzi",
            "Ohaozara",
            "Ohaukwu",
            "Onicha"
          ]
        },
        {
          "name": "Edo",
          "code": "ED",
          "towns": [
            "Akoko-Edo",
            "Egor",
            "Esan Central",
            "Esan North-East",
            "Esan South-East",
            "Esan West",
            "Etsako Central",
            "Etsako East",
            "Etsako West",
            "Igueben",
            "Ikpoba Okha",
            "Orhionmwon",
            "Oredo",
            "Ovia North-East",
            "Ovia South-West",
            "Owan East",
            "Owan West",
            "Uhunmwonde"
          ]
        },
        {
          "name": "Ekiti",
          "code": "EK",
          "towns": [
            "Ado Ekiti",
            "Efon",
            "Ekiti East",
            "Ekiti South-West",
            "Ekiti West",
            "Emure",
            "Gbonyin",
            "Ido Osi",
            "Ijero",
            "Ikere",
            "Ikole",
            "Ilejemeje",
            "Irepodun/Ifelodun",
            "Ise/Orun",
            "Moba",
            "Oye"
          ]
        },
        {
          "name": "Enugu",
          "code": "EN",
          "towns": [
            "Aninri",
            "Awgu",
            "Enugu East",
            "Enugu North",
            "Enugu South",
            "Ezeagu",
            "Igbo Etiti",
            "Igbo Eze North",
            "Igbo Eze South",
            "Isi Uzo",
            "Nkanu East",
            "Nkanu West",
            "Nsukka",
            "Oji River",
            "Udenu",
            "Udi",
            "Uzo Uwani"
          ]
        },
        {
          "name": "FCT",
          "code": "FC",
          "towns": ["Abaji", "Abuja Municipal", "Bwari", "Gwagwalada", "Kuje", "Kwali"]
        },
        {
          "name": "Gombe",
          "code": "GO",
          "towns": [
            "Akko",
            "Balanga",
            "Billiri",
            "Dukku",
            "Funakaye",
            "Gombe",
            "Kaltungo",
            "Kwami",
            "Nafada",
            "Shongom",
            "Yamaltu/Deba"
          ]
        },
        {
          "name": "Imo",
          "code": "IM",
          "towns": [
            "Aboh Mbaise",
            "Ahiazu Mbaise",
            "Ehime Mbano",
            "Ezinihitte",
            "Ideato North",
            "Ideato South",
            "Ihitte/Uboma",
            "Ikeduru",
            "Isiala Mbano",
            "Isu",
            "Mbaitoli",
            "Ngor Okpala",
            "Njaba",
            "Nkwerre",
            "Nwangele",
            "Obowo",
            "Oguta",
            "Ohaji/Egbema",
            "Okigwe",
            "Orlu",
            "Orsu",
            "Oru East",
            "Oru West",
            "Owerri Municipal",
            "Owerri North",
            "Owerri West"
          ]
        },
        {
          "name": "Jigawa",
          "code": "JI",
          "towns": [
            "Auyo",
            "Babura",
            "Biriniwa",
            "Birnin Kudu",
            "Buji",
            "Dutse",
            "Gagarawa",
            "Garki",
            "Gumel",
            "Guri",
            "Gwaram",
            "Gwiwa",
            "Hadejia",
            "Jahun",
            "Kafin Hausa",
            "Kaugama",
            "Kazaure",
            "Kiri Kasama",
            "Kiyawa",
            "Maigatari",
            "Malam Madori",
            "Miga",
            "Ringim",
            "Roni",
            "Sule Tankarkar",
            "Taura",
            "Yankwashi"
          ]
        },
        {
          "name": "Kaduna",
          "code": "KD",
          "towns": [
            "Birnin Gwari",
            "Chikun",
            "Giwa",
            "Igabi",
            "Ikara",
            "Jaba",
            "Jema'a",
            "Kachia",
            "Kaduna North",
            "Kaduna South",
            "Kagarko",
            "Kajuru",
            "Kaura",
            "Kauru",
            "Kubau",
            "Kudan",
            "Lere",
            "Makarfi",
            "Sabon Gari",
            "Sanga",
            "Soba",
            "Zangon Kataf",
            "Zaria"
          ]
        },
        {
          "name": "Kano",
          "code": "KN",
          "towns": [
            "Ajingi",
            "Albasu",
            "Bagwai",
            "Bebeji",
            "Bichi",
            "Bunkure",
            "Dala",
            "Dambatta",
            "Dawakin Kudu",
            "Dawakin Tofa",
            "Doguwa",
            "Fagge",
            "Gabasawa",
            "Garko",
            "Garun Mallam",
            "Gaya",
            "Gezawa",
            "Gwale",
            "Gwarzo",
            "Kabo",
            "Kano Municipal",
            "Karaye",
            "Kibiya",
            "Kiru",
            "Kumbotso",
            "Kunchi",
            "Kura",
            "Madobi",
            "Makoda",
            "Minjibir",
            "Nasarawa",
            "Rano",
            "Rimin Gado",
            "Rogo",
            "Shanono",
            "Sumaila",
            "Takai",
            "Tarauni",
            "Tofa",
            "Tsanyawa",
            "Tudun Wada",
            "Ungogo",
            "Warawa",
            "Wudil"
          ]
        },
        {
          "name": "Katsina",
          "code": "KT",
          "towns": [
            "Bakori",
            "Batagarawa",
            "Batsari",
            "Baure",
            "Bindawa",
            "Charanchi",
            "Dan Musa",
            "Dandume",
            "Danja",
            "Daura",
            "Dutsi",
            "Dutsin Ma",
            "Faskari",
            "Funtua",
            "Ingawa",
            "Jibia",
            "Kafur",
            "Kaita",
            "Kankara",
            "Kankia",
            "Katsina",
            "Kurfi",
            "Kusada",
            "Mai'Adua",
            "Malumfashi",
            "Mani",
            "Mashi",
            "Matazu",
            "Musawa",
            "Rimi",
            "Sabuwa",
            "Safana",
            "Sandamu",
            "Zango"
          ]
        },
        {
          "name": "Kebbi",
          "code": "KE",
          "towns": [
            "Aleiro",
            "Arewa Dandi",
            "Argungu",
            "Augie",
            "Bagudo",
            "Birnin Kebbi",
            "Bunza",
            "Dandi",
            "Fakai",
            "Gwandu",
            "Jega",
            "Kalgo",
            "Koko/Besse",
            "Maiyama",
            "Ngaski",
            "Sakaba",
            "Shanga",
            "Suru",
            "Wasagu/Danko",
            "Yauri",
            "Zuru"
          ]
        },
        {
          "name": "Kogi",
          "code": "KO",
          "towns": [
            "Adavi",
            "Ajaokuta",
            "Ankpa",
            "Bassa",
            "Dekina",
            "Ibaji",
            "Idah",
            "Igalamela-Odolu",
            "Ijumu",
            "Kabba/Bunu",
            "Kogi",
            "Lokoja",
            "Mopa-Muro",
            "Ofu",
            "Ogori/Magongo",
            "Okehi",
            "Okene",
            "Olamaboro",
            "Omala",
            "Yagba East",
            "Yagba West"
          ]
        },
        {
          "name": "Kwara",
          "code": "KW",
          "towns": [
            "Asa",
            "Baruten",
            "Edu",
            "Ekiti",
            "Ifelodun",
            "Ilorin East",
            "Ilorin South",
            "Ilorin West",
            "Irepodun",
            "Isin",
            "Kaiama",
            "Moro",
            "Offa",
            "Oke Ero",
            "Oyun",
            "Pategi"
          ]
        },
        {
          "name": "Lagos",
          "code": "LA",
          "towns": [
            "Agege",
            "Ajeromi-Ifelodun",
            "Alimosho",
            "Amuwo-Odofin",
            "Apapa",
            "Badagry",
            "Epe",
            "Eti Osa",
            "Ibeju-Lekki",
            "Ifako-Ijaye",
            "Ikeja",
            "Ikorodu",
            "Kosofe",
            "Lagos Island",
            "Lagos Mainland",
            "Mushin",
            "Ojo",
            "Oshodi-Isolo",
            "Shomolu",
            "Surulere"
          ]
        },
        {
          "name": "Nasarawa",
          "code": "NA",
          "towns": [
            "Akwanga",
            "Awe",
            "Doma",
            "Karu",
            "Keana",
            "Keffi",
            "Kokona",
            "Lafia",
            "Nasarawa",
            "Nasarawa Egon",
            "Obi",
            "Toto",
            "Wamba"
          ]
        },
        {
          "name": "Niger",
          "code": "NI",
          "towns": [
            "Agaie",
            "Agwara",
            "Bida",
            "Borgu",
            "Bosso",
            "Chanchaga",
            "Edati",
            "Gbako",
            "Gurara",
            "Katcha",
            "Kontagora",
            "Lapai",
            "Lavun",
            "Magama",
            "Mariga",
            "Mashegu",
            "Mokwa",
            "Munya",
            "Paikoro",
            "Rafi",
            "Rijau",
            "Shiroro",
            "Suleja",
            "Tafa",
            "Wushishi"
          ]
        },
        {
          "name": "Ogun",
          "code": "OG",
          "towns": [
            "Abeokuta North",
            "Abeokuta South",
            "Ado-Odo/Ota",
            "Egbado North",
            "Egbado South",
            "Ewekoro",
            "Ifo",
            "Ijebu East",
            "Ijebu North",
            "Ijebu North East",
            "Ijebu Ode",
            "Ikenne",
            "Imeko Afon",
            "Ipokia",
            "Obafemi Owode",
            "Odeda",
            "Odogbolu",
            "Ogun Waterside",
            "Remo North",
            "Shagamu"
          ]
        },
        {
          "name": "Ondo",
          "code": "ON",
          "towns": [
            "Akoko North-East",
            "Akoko North-West",
            "Akoko South-West",
            "Akoko South-East",
            "Akure North",
            "Akure South",
            "Ese Odo",
            "Idanre",
            "Ifedore",
            "Ilaje",
            "Ile Oluji/Okeigbo",
            "Irele",
            "Odigbo",
            "Okitipupa",
            "Ondo East",
            "Ondo West",
            "Ose",
            "Owo"
          ]
        },
        {
          "name": "Osun",
          "code": "OS",
          "towns": [
            "Aiyedade",
            "Aiyedire",
            "Atakunmosa East",
            "Atakunmosa West",
            "Boluwaduro",
            "Boripe",
            "Ede North",
            "Ede South",
            "Egbedore",
            "Ejigbo",
            "Ife Central",
            "Ife East",
            "Ife North",
            "Ife South",
            "Ifedayo",
            "Ifelodun",
            "Ila",
            "Ilesa East",
            "Ilesa West",
            "Irepodun",
            "Irewole",
            "Isokan",
            "Iwo",
            "Obokun",
            "Odo Otin",
            "Ola Oluwa",
            "Olorunda",
            "Oriade",
            "Orolu",
            "Osogbo"
          ]
        },
        {
          "name": "Oyo",
          "code": "OY",
          "towns": [
            "Afijio",
            "Akinyele",
            "Atiba",
            "Atisbo",
            "Egbeda",
            "Ibadan North",
            "Ibadan North-East",
            "Ibadan North-West",
            "Ibadan South-East",
            "Ibadan South-West",
            "Ibarapa Central",
            "Ibarapa East",
            "Ibarapa North",
            "Ido",
            "Irepo",
            "Iseyin",
            "Itesiwaju",
            "Iwajowa",
            "Kajola",
            "Lagelu",
            "Ogbomosho North",
            "Ogbomosho South",
            "Ogo Oluwa",
            "Olorunsogo",
            "Oluyole",
            "Ona Ara",
            "Orelope",
            "Ori Ire",
            "Oyo",
            "Oyo East",
            "Saki East",
            "Saki West",
            "Surulere"
          ]
        },
        {
          "name": "Plateau",
          "code": "PL",
          "towns": [
            "Barkin Ladi",
            "Bassa",
            "Bokkos",
            "Jos East",
            "Jos North",
            "Jos South",
            "Kanam",
            "Kanke",
            "Langtang North",
            "Langtang South",
            "Mangu",
            "Mikang",
            "Pankshin",
            "Qua'an Pan",
            "Riyom",
            "Shendam",
            "Wase"
          ]
        },
        {
          "name": "Rivers",
          "code": "RI",
          "towns": [
            "Abua/Odual",
            "Ahoada East",
            "Ahoada West",
            "Akuku-Toru",
            "Andoni",
            "Asari-Toru",
            "Bonny",
            "Degema",
            "Eleme",
            "Emuoha",
            "Etche",
            "Gokana",
            "Ikwerre",
            "Khana",
            "Obio/Akpor",
            "Ogba/Egbema/Ndoni",
            "Ogu/Bolo",
            "Okrika",
            "Omuma",
            "Opobo/Nkoro",
            "Oyigbo",
            "Port Harcourt",
            "Tai"
          ]
        },
        {
          "name": "Sokoto",
          "code": "SO",
          "towns": [
            "Binji",
            "Bodinga",
            "Dange Shuni",
            "Gada",
            "Goronyo",
            "Gudu",
            "Gwadabawa",
            "Illela",
            "Isa",
            "Kebbe",
            "Kware",
            "Rabah",
            "Sabon Birni",
            "Shagari",
            "Silame",
            "Sokoto North",
            "Sokoto South",
            "Tambuwal",
            "Tangaza",
            "Tureta",
            "Wamako",
            "Wurno",
            "Yabo"
          ]
        },
        {
          "name": "Taraba",
          "code": "TA",
          "towns": [
            "Ardo Kola",
            "Bali",
            "Donga",
            "Gashaka",
            "Gassol",
            "Ibi",
            "Jalingo",
            "Karim Lamido",
            "Kumi",
            "Lau",
            "Sardauna",
            "Takum",
            "Ussa",
            "Wukari",
            "Yorro",
            "Zing"
          ]
        },
        {
          "name": "Yobe",
          "code": "YO",
          "towns": [
            "Bade",
            "Bursari",
            "Damaturu",
            "Fika",
            "Fune",
            "Geidam",
            "Gujba",
            "Gulani",
            "Jakusko",
            "Karasuwa",
            "Machina",
            "Nangere",
            "Nguru",
            "Potiskum",
            "Tarmuwa",
            "Yunusari",
            "Yusufari"
          ]
        },
        {
          "name": "Zamfara",
          "code": "ZA",
          "towns": [
            "Anka",
            "Bakura",
            "Birnin Magaji/Kiyaw",
            "Bukkuyum",
            "Bungudu",
            "Gummi",
            "Gusau",
            "Kaura Namoda",
            "Maradun",
            "Maru",
            "Shinkafi",
            "Talata Mafara",
            "Zurmi"
          ]
        }
      ]
    },
    {
      "code": "NU",
      "name": "Niue",
      "zipcode": "+683",
      "flag": "🇳🇺"
    },
    {
      "code": "NF",
      "name": "Norfolk Island",
      "zipcode": "+672",
      "flag": "🇳🇫"
    },
    {
      "code": "MP",
      "name": "Northern Mariana Islands",
      "zipcode": "+1 670",
      "flag": "🇲🇵"
    },
    {
      "code": "NO",
      "name": "Norway",
      "zipcode": "+47",
      "flag": "🇳🇴"
    },
    {
      "code": "OM",
      "name": "Oman",
      "zipcode": "+968",
      "flag": "🇴🇲"
    },
    {
      "code": "PK",
      "name": "Pakistan",
      "zipcode": "+92",
      "flag": "🇵🇰"
    },
    {
      "code": "PW",
      "name": "Palau",
      "zipcode": "+680",
      "flag": "🇵🇼"
    },
    {
      "code": "PS",
      "name": "Palestinian Territory, Occupied",
      "zipcode": "+970",
      "flag": "🇵🇸"
    },
    {
      "code": "PA",
      "name": "Panama",
      "zipcode": "+507",
      "flag": "🇵🇦"
    },
    {
      "code": "PG",
      "name": "Papua New Guinea",
      "zipcode": "+675",
      "flag": "🇵🇬"
    },
    {
      "code": "PY",
      "name": "Paraguay",
      "zipcode": "+595",
      "flag": "🇵🇾"
    },
    {
      "code": "PE",
      "name": "Peru",
      "zipcode": "+51",
      "flag": "🇵🇪"
    },
    {
      "code": "PH",
      "name": "Philippines",
      "zipcode": "+63",
      "flag": "🇵🇭"
    },
    {
      "code": "PN",
      "name": "Pitcairn",
      "zipcode": "+64",
      "flag": "🇵🇳"
    },
    {
      "code": "PL",
      "name": "Poland",
      "zipcode": "+48",
      "flag": "🇵🇱"
    },
    {
      "code": "PT",
      "name": "Portugal",
      "zipcode": "+351",
      "flag": "🇵🇹"
    },
    {
      "code": "PR",
      "name": "Puerto Rico",
      "zipcode": "+1 787",
      "flag": "🇵🇷"
    },
    {
      "code": "QA",
      "name": "Qatar",
      "zipcode": "+974",
      "flag": "🇶🇦"
    },
    {
      "code": "RE",
      "name": "Reunion",
      "zipcode": "+262",
      "flag": "🇷🇪"
    },
    {
      "code": "RO",
      "name": "Romania",
      "zipcode": "+40",
      "flag": "🇷🇴"
    },
    {
      "code": "RU",
      "name": "Russian Federation",
      "zipcode": "+7",
      "flag": "🇷🇺"
    },
    {
      "code": "RW",
      "name": "Rwanda",
      "zipcode": "+250",
      "flag": "🇷🇼"
    },
    {
      "code": "SH",
      "name": "Saint Helena",
      "zipcode": "+290",
      "flag": "🇸🇭"
    },
    {
      "code": "KN",
      "name": "Saint Kitts and Nevis",
      "zipcode": "+1 869",
      "flag": "🇰🇳"
    },
    {
      "code": "LC",
      "name": "Saint Lucia",
      "zipcode": "+1 758",
      "flag": "🇱🇨"
    },
    {
      "code": "PM",
      "name": "Saint Pierre and Miquelon",
      "zipcode": "+508",
      "flag": "🇵🇲"
    },
    {
      "code": "VC",
      "name": "Saint Vincent and The Grenadines",
      "zipcode": "+1 784",
      "flag": "🇻🇨"
    },
    {
      "code": "WS",
      "name": "Samoa",
      "zipcode": "+685",
      "flag": "🇼🇸"
    },
    {
      "code": "SM",
      "name": "San Marino",
      "zipcode": "+378",
      "flag": "🇸🇲"
    },
    {
      "code": "ST",
      "name": "Sao Tome and Principe",
      "zipcode": "+239",
      "flag": "🇸🇹"
    },
    {
      "code": "SA",
      "name": "Saudi Arabia",
      "zipcode": "+966",
      "flag": "🇸🇦"
    },
    {
      "code": "SN",
      "name": "Senegal",
      "zipcode": "+221",
      "flag": "🇸🇳"
    },
    {
      "code": "RS",
      "name": "Serbia",
      "zipcode": "+381",
      "flag": "🇷🇸"
    },
    {
      "code": "SC",
      "name": "Seychelles",
      "zipcode": "+248",
      "flag": "🇸🇨"
    },
    {
      "code": "SL",
      "name": "Sierra Leone",
      "zipcode": "+232",
      "flag": "🇸🇱"
    },
    {
      "code": "SG",
      "name": "Singapore",
      "zipcode": "+65",
      "flag": "🇸🇬"
    },
    {
      "code": "SK",
      "name": "Slovakia",
      "zipcode": "+421",
      "flag": "🇸🇰"
    },
    {
      "code": "SI",
      "name": "Slovenia",
      "zipcode": "+386",
      "flag": "🇸🇮"
    },
    {
      "code": "SB",
      "name": "Solomon Islands",
      "zipcode": "+677",
      "flag": "🇸🇧"
    },
    {
      "code": "SO",
      "name": "Somalia",
      "zipcode": "+252",
      "flag": "🇸🇴"
    },
    {
      "code": "ZA",
      "name": "South Africa",
      "zipcode": "+27",
      "flag": "🇿🇦"
    },
    {
      "code": "GS",
      "name": "South Georgia and The South Sandwich Islands",
      "zipcode": "+500",
      "flag": "🇬🇸"
    },
    {
      "code": "ES",
      "name": "Spain",
      "zipcode": "+34",
      "flag": "🇪🇸"
    },
    {
      "code": "LK",
      "name": "Sri Lanka",
      "zipcode": "+94",
      "flag": "🇱🇰"
    },
    {
      "code": "SD",
      "name": "Sudan",
      "zipcode": "+249",
      "flag": "🇸🇩"
    },
    {
      "code": "SR",
      "name": "Suriname",
      "zipcode": "+597",
      "flag": "🇸🇷"
    },
    {
      "code": "SJ",
      "name": "Svalbard and Jan Mayen",
      "zipcode": "+47",
      "flag": "🇸🇯"
    },
    {
      "code": "SZ",
      "name": "Swaziland",
      "zipcode": "+268",
      "flag": "🇸🇿"
    },
    {
      "code": "SE",
      "name": "Sweden",
      "zipcode": "+46",
      "flag": "🇸🇪"
    },
    {
      "code": "CH",
      "name": "Switzerland",
      "zipcode": "+41",
      "flag": "🇨🇭"
    },
    {
      "code": "SY",
      "name": "Syrian Arab Republic",
      "zipcode": "+963",
      "flag": "🇸🇾"
    },
    {
      "code": "TW",
      "name": "Taiwan, Province of China",
      "zipcode": "+886",
      "flag": "🇹🇼"
    },
    {
      "code": "TJ",
      "name": "Tajikistan",
      "zipcode": "+992",
      "flag": "🇹🇯"
    },
    {
      "code": "TZ",
      "name": "Tanzania, United Republic of",
      "zipcode": "+255",
      "flag": "🇹🇿"
    },
    {
      "code": "TH",
      "name": "Thailand",
      "zipcode": "+66",
      "flag": "🇹🇭"
    },
    {
      "code": "TL",
      "name": "Timor-leste",
      "zipcode": "+670",
      "flag": "🇹🇱"
    },
    {
      "code": "TG",
      "name": "Togo",
      "zipcode": "+228",
      "flag": "🇹🇬"
    },
    {
      "code": "TK",
      "name": "Tokelau",
      "zipcode": "+690",
      "flag": "🇹🇰"
    },
    {
      "code": "TO",
      "name": "Tonga",
      "zipcode": "+676",
      "flag": "🇹🇴"
    },
    {
      "code": "TT",
      "name": "Trinidad and Tobago",
      "zipcode": "+1 868",
      "flag": "🇹🇹"
    },
    {
      "code": "TN",
      "name": "Tunisia",
      "zipcode": "+216",
      "flag": "🇹🇳"
    },
    {
      "code": "TR",
      "name": "Turkey",
      "zipcode": "+90",
      "flag": "🇹🇷"
    },
    {
      "code": "TM",
      "name": "Turkmenistan",
      "zipcode": "+993",
      "flag": "🇹🇲"
    },
    {
      "code": "TC",
      "name": "Turks and Caicos Islands",
      "zipcode": "+1 649",
      "flag": "🇹🇨"
    },
    {
      "code": "TV",
      "name": "Tuvalu",
      "zipcode": "+688",
      "flag": "🇹🇻"
    },
    {
      "code": "UG",
      "name": "Uganda",
      "zipcode": "+256",
      "flag": "🇺🇬"
    },
    {
      "code": "UA",
      "name": "Ukraine",
      "zipcode": "+380",
      "flag": "🇺🇦"
    },
    {
      "code": "AE",
      "name": "United Arab Emirates",
      "zipcode": "+971",
      "flag": "🇦🇪"
    },
    {
      "code": "GB",
      "name": "United Kingdom",
      "zipcode": "+44",
      "flag": "🇬🇧",
      "states": [
        {
          "name": "England",
          "code": "ENG",
          "towns": [
            "Bath and North East Somerset",
            "Bedford",
            "Birmingham",
            "Blackburn with Darwen",
            "Blackpool",
            "Bolton",
            "Bournemouth",
            "Bracknell Forest",
            "Bradford",
            "Brighton and Hove",
            "Bristol",
            "Buckinghamshire",
            "Bury",
            "Calderdale",
            "Cambridgeshire",
            "Central Bedfordshire",
            "Cheshire East",
            "Cheshire West and Chester",
            "Cornwall",
            "Coventry",
            "Cumbria",
            "Darlington",
            "Derby",
            "Derbyshire",
            "Devon",
            "Doncaster",
            "Dorset",
            "Durham",
            "East Riding of Yorkshire",
            "East Sussex",
            "Essex",
            "Gateshead",
            "Gloucestershire",
            "Halton",
            "Hampshire",
            "Hartlepool",
            "Herefordshire",
            "Hertfordshire",
            "Isle of Wight",
            "Isles of Scilly",
            "Kent",
            "Kingston upon Hull",
            "Kirklees",
            "Knowsley",
            "Lancashire",
            "Leeds",
            "Leicester",
            "Leicestershire",
            "Lincolnshire",
            "Liverpool",
            "London",
            "Luton",
            "Manchester",
            "Medway",
            "Middlesbrough",
            "Milton Keynes",
            "Newcastle upon Tyne",
            "Norfolk",
            "North East Lincolnshire",
            "North Lincolnshire",
            "North Somerset",
            "North Tyneside",
            "North Yorkshire",
            "Northamptonshire",
            "Northumberland",
            "Nottingham",
            "Nottinghamshire",
            "Oldham",
            "Oxfordshire",
            "Peterborough",
            "Plymouth",
            "Poole",
            "Portsmouth",
            "Reading",
            "Redcar and Cleveland",
            "Rochdale",
            "Rotherham",
            "Rutland",
            "Salford",
            "Sandwell",
            "Sefton",
            "Sheffield",
            "Shropshire",
            "Slough",
            "Solihull",
            "Somerset",
            "South Gloucestershire",
            "South Tyneside",
            "Southampton",
            "Southend-on-Sea",
            "St. Helens",
            "Staffordshire",
            "Stockport",
            "Stockton-on-Tees",
            "Stoke-on-Trent",
            "Suffolk",
            "Sunderland",
            "Surrey",
            "Swindon",
            "Tameside",
            "Telford and Wrekin",
            "Thurrock",
            "Torbay",
            "Tower Hamlets",
            "Trafford",
            "Wakefield",
            "Walsall",
            "Waltham Forest",
            "Wandsworth",
            "Warrington",
            "Warwickshire",
            "West Berkshire",
            "West Sussex",
            "Wigan",
            "Wiltshire",
            "Windsor and Maidenhead",
            "Wirral",
            "Wokingham",
            "Wolverhampton",
            "Worcestershire",
            "York"
          ]
        },
        {
          "name": "Northern Ireland",
          "code": "NIR",
          "towns": [
            "Antrim and Newtownabbey",
            "Ards and North Down",
            "Armagh City, Banbridge and Craigavon",
            "Belfast",
            "Causeway Coast and Glens",
            "Derry City and Strabane",
            "Fermanagh and Omagh",
            "Lisburn and Castlereagh",
            "Mid and East Antrim",
            "Mid Ulster",
            "Newry, Mourne and Down"
          ]
        },
        {
          "name": "Scotland",
          "code": "SCT",
          "towns": [
            "Aberdeen City",
            "Aberdeenshire",
            "Angus",
            "Argyll and Bute",
            "City of Edinburgh",
            "Clackmannanshire",
            "Dumfries and Galloway",
            "Dundee City",
            "East Ayrshire",
            "East Dunbartonshire",
            "East Lothian",
            "East Renfrewshire",
            "Falkirk",
            "Fife",
            "Glasgow City",
            "Highland",
            "Inverclyde",
            "Midlothian",
            "Moray",
            "North Ayrshire",
            "North Lanarkshire",
            "Orkney Islands",
            "Perth and Kinross",
            "Renfrewshire",
            "Shetland Islands",
            "South Ayrshire",
            "South Lanarkshire",
            "Stirling",
            "West Dunbartonshire",
            "West Lothian"
          ]
        },
        {
          "name": "Wales",
          "code": "WLS",
          "towns": [
            "Blaenau Gwent",
            "Bridgend",
            "Caerphilly",
            "Cardiff",
            "Carmarthenshire",
            "Ceredigion",
            "Conwy",
            "Denbighshire",
            "Flintshire",
            "Gwynedd",
            "Isle of Anglesey",
            "Merthyr Tydfil",
            "Monmouthshire",
            "Neath Port Talbot",
            "Newport",
            "Pembrokeshire",
            "Powys",
            "Rhondda Cynon Taf",
            "Swansea",
            "Torfaen",
            "Vale of Glamorgan",
            "Wrexham"
          ]
        }
      ]
    },
    {
      "code": "US",
      "name": "United States",
      "zipcode": "+1",
      "flag": "🇺🇸",
      "states": [
        {
          "name": "Alabama",
          "code": "AL",
          "towns": [
            "Autauga",
            "Baldwin",
            "Barbour",
            "Bibb",
            "Blount",
            "Bullock",
            "Butler",
            "Calhoun",
            "Chambers",
            "Cherokee",
            "Chilton",
            "Choctaw",
            "Clarke",
            "Clay",
            "Cleburne",
            "Coffee",
            "Colbert",
            "Conecuh",
            "Coosa",
            "Covington",
            "Crenshaw",
            "Cullman",
            "Dale",
            "Dallas",
            "DeKalb",
            "Elmore",
            "Escambia",
            "Etowah",
            "Fayette",
            "Franklin",
            "Geneva",
            "Greene",
            "Hale",
            "Henry",
            "Houston",
            "Jackson",
            "Jefferson",
            "Lamar",
            "Lauderdale",
            "Lawrence",
            "Lee",
            "Limestone",
            "Lowndes",
            "Macon",
            "Madison",
            "Marengo",
            "Marion",
            "Marshall",
            "Mobile",
            "Monroe",
            "Montgomery",
            "Morgan",
            "Perry",
            "Pickens",
            "Pike",
            "Randolph",
            "Russell",
            "Shelby",
            "St. Clair",
            "Sumter",
            "Talladega",
            "Tallapoosa",
            "Tuscaloosa",
            "Walker",
            "Washington",
            "Wilcox",
            "Winston"
          ]
        },
        {
          "name": "Alaska",
          "code": "AK",
          "towns": [
            "Aleutians East",
            "Aleutians West",
            "Anchorage",
            "Bethel",
            "Bristol Bay",
            "Denali",
            "Dillingham",
            "Fairbanks North Star",
            "Haines",
            "Juneau",
            "Kenai Peninsula",
            "Ketchikan Gateway",
            "Kodiak Island",
            "Lake and Peninsula",
            "Matanuska-Susitna",
            "Nome",
            "North Slope",
            "Northwest Arctic",
            "Prince of Wales-Outer Ketchikan",
            "Sitka",
            "Skagway-Hoonah-Angoon",
            "Southeast Fairbanks",
            "Valdez-Cordova",
            "Wade Hampton",
            "Wrangell-Petersburg",
            "Yakutat",
            "Yukon-Koyukuk"
          ]
        },
        {
          "name": "Arizona",
          "code": "AZ",
          "towns": [
            "Apache",
            "Cochise",
            "Coconino",
            "Gila",
            "Graham",
            "Greenlee",
            "La Paz",
            "Maricopa",
            "Mohave",
            "Navajo",
            "Pima",
            "Pinal",
            "Santa Cruz",
            "Yavapai",
            "Yuma"
          ]
        },
        {
          "name": "Arkansas",
          "code": "AR",
          "towns": [
            "Arkansas",
            "Ashley",
            "Baxter",
            "Benton",
            "Boone",
            "Bradley",
            "Calhoun",
            "Carroll",
            "Chicot",
            "Clark",
            "Clay",
            "Cleburne",
            "Cleveland",
            "Columbia",
            "Conway",
            "Craighead",
            "Crawford",
            "Crittenden",
            "Cross",
            "Dallas",
            "Desha",
            "Drew",
            "Faulkner",
            "Franklin",
            "Fulton",
            "Garland",
            "Grant",
            "Greene",
            "Hempstead",
            "Hot Spring",
            "Howard",
            "Independence",
            "Izard",
            "Jackson",
            "Jefferson",
            "Johnson",
            "Lafayette",
            "Lawrence",
            "Lee",
            "Lincoln",
            "Little River",
            "Logan",
            "Lonoke",
            "Madison",
            "Marion",
            "Miller",
            "Mississippi",
            "Monroe",
            "Montgomery",
            "Nevada",
            "Newton",
            "Ouachita",
            "Perry",
            "Phillips",
            "Pike",
            "Poinsett",
            "Polk",
            "Pope",
            "Prairie",
            "Pulaski",
            "Randolph",
            "Saline",
            "Scott",
            "Searcy",
            "Sebastian",
            "Sevier",
            "Sharp",
            "St. Francis",
            "Stone",
            "Union",
            "Van Buren",
            "Washington",
            "White",
            "Woodruff",
            "Yell"
          ]
        },
        {
          "name": "California",
          "code": "CA",
          "towns": [
            "Alameda",
            "Alpine",
            "Amador",
            "Butte",
            "Calaveras",
            "Colusa",
            "Contra Costa",
            "Del Norte",
            "El Dorado",
            "Fresno",
            "Glenn",
            "Humboldt",
            "Imperial",
            "Inyo",
            "Kern",
            "Kings",
            "Lake",
            "Lassen",
            "Los Angeles",
            "Madera",
            "Marin",
            "Mariposa",
            "Mendocino",
            "Merced",
            "Modoc",
            "Mono",
            "Monterey",
            "Napa",
            "Nevada",
            "Orange",
            "Placer",
            "Plumas",
            "Riverside",
            "Sacramento",
            "San Benito",
            "San Bernardino",
            "San Diego",
            "San Francisco",
            "San Joaquin",
            "San Luis Obispo",
            "San Mateo",
            "Santa Barbara",
            "Santa Clara",
            "Santa Cruz",
            "Shasta",
            "Sierra",
            "Siskiyou",
            "Solano",
            "Sonoma",
            "Stanislaus",
            "Sutter",
            "Tehama",
            "Trinity",
            "Tulare",
            "Tuolumne",
            "Ventura",
            "Yolo",
            "Yuba"
          ]
        },
        {
          "name": "Colorado",
          "code": "CO",
          "towns": [
            "Adams",
            "Alamosa",
            "Arapahoe",
            "Archuleta",
            "Baca",
            "Bent",
            "Boulder",
            "Broomfield",
            "Chaffee",
            "Cheyenne",
            "Clear Creek",
            "Conejos",
            "Costilla",
            "Crowley",
            "Custer",
            "Delta",
            "Denver",
            "Dolores",
            "Douglas",
            "Eagle",
            "Elbert",
            "El Paso",
            "Fremont",
            "Garfield",
            "Gilpin",
            "Grand",
            "Gunnison",
            "Hinsdale",
            "Huerfano",
            "Jackson",
            "Jefferson",
            "Kiowa",
            "Kit Carson",
            "Lake",
            "La Plata",
            "Larimer",
            "Las Animas",
            "Lincoln",
            "Logan",
            "Mesa",
            "Mineral",
            "Moffat",
            "Montezuma",
            "Montrose",
            "Morgan",
            "Otero",
            "Ouray",
            "Park",
            "Phillips",
            "Pitkin",
            "Prowers",
            "Pueblo",
            "Rio Blanco",
            "Rio Grande",
            "Routt",
            "Saguache",
            "San Juan",
            "San Miguel",
            "Sedgwick",
            "Summit",
            "Teller",
            "Washington",
            "Weld",
            "Yuma"
          ]
        },
        {
          "name": "Connecticut",
          "code": "CT",
          "towns": ["Fairfield", "Hartford", "Litchfield", "Middlesex", "New Haven", "New London", "Tolland", "Windham"]
        },
        {
          "name": "Delaware",
          "code": "DE",
          "towns": ["Kent", "New Castle", "Sussex"]
        },
        {
          "name": "District of Columbia",
          "code": "DC",
          "towns": ["Washington"]
        },
        {
          "name": "Florida",
          "code": "FL",
          "towns": [
            "Alachua",
            "Baker",
            "Bay",
            "Bradford",
            "Brevard",
            "Broward",
            "Calhoun",
            "Charlotte",
            "Citrus",
            "Clay",
            "Collier",
            "Columbia",
            "DeSoto",
            "Dixie",
            "Duval",
            "Escambia",
            "Flagler",
            "Franklin",
            "Gadsden",
            "Gilchrist",
            "Glades",
            "Gulf",
            "Hamilton",
            "Hardee",
            "Hendry",
            "Hernando",
            "Highlands",
            "Hillsborough",
            "Holmes",
            "Indian River",
            "Jackson",
            "Jefferson",
            "Lafayette",
            "Lake",
            "Lee",
            "Leon",
            "Levy",
            "Liberty",
            "Madison",
            "Manatee",
            "Marion",
            "Martin",
            "Miami-Dade",
            "Monroe",
            "Nassau",
            "Okaloosa",
            "Okeechobee",
            "Orange",
            "Osceola",
            "Palm Beach",
            "Pasco",
            "Pinellas",
            "Polk",
            "Putnam",
            "Santa Rosa",
            "Sarasota",
            "Seminole",
            "St. Johns",
            "St. Lucie",
            "Sumter",
            "Suwannee",
            "Taylor",
            "Union",
            "Volusia",
            "Wakulla",
            "Walton",
            "Washington"
          ]
        },
        {
          "name": "Georgia",
          "code": "GA",
          "towns": [
            "Appling",
            "Atkinson",
            "Bacon",
            "Baker",
            "Baldwin",
            "Banks",
            "Barrow",
            "Bartow",
            "Ben Hill",
            "Berrien",
            "Bibb",
            "Bleckley",
            "Brantley",
            "Brooks",
            "Bryan",
            "Bulloch",
            "Burke",
            "Butts",
            "Calhoun",
            "Camden",
            "Candler",
            "Carroll",
            "Catoosa",
            "Charlton",
            "Chatham",
            "Chattahoochee",
            "Chattooga",
            "Cherokee",
            "Clarke",
            "Clay",
            "Clayton",
            "Clinch",
            "Cobb",
            "Coffee",
            "Colquitt",
            "Columbia",
            "Cook",
            "Coweta",
            "Crawford",
            "Crisp",
            "Dade",
            "Dawson",
            "Decatur",
            "DeKalb",
            "Dodge",
            "Dooly",
            "Dougherty",
            "Douglas",
            "Early",
            "Echols",
            "Effingham",
            "Elbert",
            "Emanuel",
            "Evans",
            "Fannin",
            "Fayette",
            "Floyd",
            "Forsyth",
            "Franklin",
            "Fulton",
            "Gilmer",
            "Glascock",
            "Glynn",
            "Gordon",
            "Grady",
            "Greene",
            "Gwinnett",
            "Habersham",
            "Hall",
            "Hancock",
            "Haralson",
            "Harris",
            "Hart",
            "Heard",
            "Henry",
            "Houston",
            "Irwin",
            "Jackson",
            "Jasper",
            "Jeff Davis",
            "Jefferson",
            "Jenkins",
            "Johnson",
            "Jones",
            "Lamar",
            "Lanier",
            "Laurens",
            "Lee",
            "Liberty",
            "Lincoln",
            "Long",
            "Lowndes",
            "Lumpkin",
            "McDuffie",
            "McIntosh",
            "Macon",
            "Madison",
            "Marion",
            "Meriwether",
            "Miller",
            "Mitchell",
            "Monroe",
            "Montgomery",
            "Morgan",
            "Murray",
            "Muscogee",
            "Newton",
            "Oconee",
            "Oglethorpe",
            "Paulding",
            "Peach",
            "Pickens",
            "Pierce",
            "Pike",
            "Polk",
            "Pulaski",
            "Putnam",
            "Quitman",
            "Rabun",
            "Randolph",
            "Richmond",
            "Rockdale",
            "Schley",
            "Screven",
            "Seminole",
            "Spalding",
            "Stephens",
            "Stewart",
            "Sumter",
            "Talbot",
            "Taliaferro",
            "Tattnall",
            "Taylor",
            "Telfair",
            "Terrell",
            "Thomas",
            "Tift",
            "Toombs",
            "Towns",
            "Treutlen",
            "Troup",
            "Turner",
            "Twiggs",
            "Union",
            "Upson",
            "Walker",
            "Walton",
            "Ware",
            "Warren",
            "Washington",
            "Wayne",
            "Webster",
            "Wheeler",
            "White",
            "Whitfield",
            "Wilcox",
            "Wilkes",
            "Wilkinson",
            "Worth"
          ]
        },
        {
          "name": "Hawaii",
          "code": "HI",
          "towns": ["Hawaii", "Honolulu", "Kalawao", "Kauai", "Maui"]
        },
        {
          "name": "Idaho",
          "code": "ID",
          "towns": [
            "Ada",
            "Adams",
            "Bannock",
            "Bear Lake",
            "Benewah",
            "Bingham",
            "Blaine",
            "Boise",
            "Bonner",
            "Bonneville",
            "Boundary",
            "Butte",
            "Camas",
            "Canyon",
            "Caribou",
            "Cassia",
            "Clark",
            "Clearwater",
            "Custer",
            "Elmore",
            "Franklin",
            "Fremont",
            "Gem",
            "Gooding",
            "Idaho",
            "Jefferson",
            "Jerome",
            "Kootenai",
            "Latah",
            "Lemhi",
            "Lewis",
            "Lincoln",
            "Madison",
            "Minidoka",
            "Nez Perce",
            "Oneida",
            "Owyhee",
            "Payette",
            "Power",
            "Shoshone",
            "Teton",
            "Twin Falls",
            "Valley",
            "Washington"
          ]
        },
        {
          "name": "Illinois",
          "code": "IL",
          "towns": [
            "Adams",
            "Alexander",
            "Bond",
            "Boone",
            "Brown",
            "Bureau",
            "Calhoun",
            "Carroll",
            "Cass",
            "Champaign",
            "Christian",
            "Clark",
            "Clay",
            "Clinton",
            "Coles",
            "Cook",
            "Crawford",
            "Cumberland",
            "DeKalb",
            "De Witt",
            "Douglas",
            "DuPage",
            "Edgar",
            "Edwards",
            "Effingham",
            "Fayette",
            "Ford",
            "Franklin",
            "Fulton",
            "Gallatin",
            "Greene",
            "Grundy",
            "Hamilton",
            "Hancock",
            "Hardin",
            "Henderson",
            "Henry",
            "Iroquois",
            "Jackson",
            "Jasper",
            "Jefferson",
            "Jersey",
            "Jo Daviess",
            "Johnson",
            "Kane",
            "Kankakee",
            "Kendall",
            "Knox",
            "Lake",
            "LaSalle",
            "Lawrence",
            "Lee",
            "Livingston",
            "Logan",
            "McDonough",
            "McHenry",
            "McLean",
            "Macon",
            "Macoupin",
            "Madison",
            "Marion",
            "Marshall",
            "Mason",
            "Massac",
            "Menard",
            "Mercer",
            "Monroe",
            "Montgomery",
            "Morgan",
            "Moultrie",
            "Ogle",
            "Peoria",
            "Perry",
            "Piatt",
            "Pike",
            "Pope",
            "Pulaski",
            "Putnam",
            "Randolph",
            "Richland",
            "Rock Island",
            "St. Clair",
            "Saline",
            "Sangamon",
            "Schuyler",
            "Scott",
            "Shelby",
            "Stark",
            "Stephenson",
            "Tazewell",
            "Union",
            "Vermilion",
            "Wabash",
            "Warren",
            "Washington",
            "Wayne",
            "White",
            "Whiteside",
            "Will",
            "Williamson",
            "Winnebago",
            "Woodford"
          ]
        },
        {
          "name": "Indiana",
          "code": "IN",
          "towns": [
            "Adams",
            "Allen",
            "Bartholomew",
            "Benton",
            "Blackford",
            "Boone",
            "Brown",
            "Carroll",
            "Cass",
            "Clark",
            "Clay",
            "Clinton",
            "Crawford",
            "Daviess",
            "Dearborn",
            "Decatur",
            "DeKalb",
            "Delaware",
            "Dubois",
            "Elkhart",
            "Fayette",
            "Floyd",
            "Fountain",
            "Franklin",
            "Fulton",
            "Gibson",
            "Grant",
            "Greene",
            "Hamilton",
            "Hancock",
            "Harrison",
            "Hendricks",
            "Henry",
            "Howard",
            "Huntington",
            "Jackson",
            "Jasper",
            "Jay",
            "Jefferson",
            "Jennings",
            "Johnson",
            "Knox",
            "Kosciusko",
            "LaGrange",
            "Lake",
            "LaPorte",
            "Lawrence",
            "Madison",
            "Marion",
            "Marshall",
            "Martin",
            "Miami",
            "Monroe",
            "Montgomery",
            "Morgan",
            "Newton",
            "Noble",
            "Ohio",
            "Orange",
            "Owen",
            "Parke",
            "Perry",
            "Pike",
            "Porter",
            "Posey",
            "Pulaski",
            "Putnam",
            "Randolph",
            "Ripley",
            "Rush",
            "St. Joseph",
            "Scott",
            "Shelby",
            "Spencer",
            "Starke",
            "Steuben",
            "Sullivan",
            "Switzerland",
            "Tippecanoe",
            "Tipton",
            "Union",
            "Vanderburgh",
            "Vermillion",
            "Vigo",
            "Wabash",
            "Warren",
            "Warrick",
            "Washington",
            "Wayne",
            "Wells",
            "White",
            "Whitley"
          ]
        },
        {
          "name": "Iowa",
          "code": "IA",
          "towns": [
            "Adair",
            "Adams",
            "Allamakee",
            "Appanoose",
            "Audubon",
            "Benton",
            "Black Hawk",
            "Boone",
            "Bremer",
            "Buchanan",
            "Buena Vista",
            "Butler",
            "Calhoun",
            "Carroll",
            "Cass",
            "Cedar",
            "Cerro Gordo",
            "Cherokee",
            "Chickasaw",
            "Clarke",
            "Clay",
            "Clayton",
            "Clinton",
            "Crawford",
            "Dallas",
            "Davis",
            "Decatur",
            "Delaware",
            "Des Moines",
            "Dickinson",
            "Dubuque",
            "Emmet",
            "Fayette",
            "Floyd",
            "Franklin",
            "Fremont",
            "Greene",
            "Grundy",
            "Guthrie",
            "Hamilton",
            "Hancock",
            "Hardin",
            "Harrison",
            "Henry",
            "Howard",
            "Humboldt",
            "Ida",
            "Iowa",
            "Jackson",
            "Jasper",
            "Jefferson",
            "Johnson",
            "Jones",
            "Keokuk",
            "Kossuth",
            "Lee",
            "Linn",
            "Louisa",
            "Lucas",
            "Lyon",
            "Madison",
            "Mahaska",
            "Marion",
            "Marshall",
            "Mills",
            "Mitchell",
            "Monona",
            "Monroe",
            "Montgomery",
            "Muscatine",
            "O'Brien",
            "Osceola",
            "Page",
            "Palo Alto",
            "Plymouth",
            "Pocahontas",
            "Polk",
            "Pottawattamie",
            "Poweshiek",
            "Ringgold",
            "Sac",
            "Scott",
            "Shelby",
            "Sioux",
            "Story",
            "Tama",
            "Taylor",
            "Union",
            "Van Buren",
            "Wapello",
            "Warren",
            "Washington",
            "Wayne",
            "Webster",
            "Winnebago",
            "Winneshiek",
            "Woodbury",
            "Worth",
            "Wright"
          ]
        },
        {
          "name": "Kansas",
          "code": "KS",
          "towns": [
            "Allen",
            "Anderson",
            "Atchison",
            "Barber",
            "Barton",
            "Bourbon",
            "Brown",
            "Butler",
            "Chase",
            "Chautauqua",
            "Cherokee",
            "Cheyenne",
            "Clark",
            "Clay",
            "Cloud",
            "Coffey",
            "Comanche",
            "Cowley",
            "Crawford",
            "Decatur",
            "Dickinson",
            "Doniphan",
            "Douglas",
            "Edwards",
            "Elk",
            "Ellis",
            "Ellsworth",
            "Finney",
            "Ford",
            "Franklin",
            "Geary",
            "Gove",
            "Graham",
            "Grant",
            "Gray",
            "Greeley",
            "Greenwood",
            "Hamilton",
            "Harper",
            "Harvey",
            "Haskell",
            "Hodgeman",
            "Jackson",
            "Jefferson",
            "Jewell",
            "Johnson",
            "Kearny",
            "Kingman",
            "Kiowa",
            "Labette",
            "Lane",
            "Leavenworth",
            "Lincoln",
            "Linn",
            "Logan",
            "Lyon",
            "McPherson",
            "Marion",
            "Marshall",
            "Meade",
            "Miami",
            "Mitchell",
            "Montgomery",
            "Morris",
            "Morton",
            "Nemaha",
            "Neosho",
            "Ness",
            "Norton",
            "Osage",
            "Osborne",
            "Ottawa",
            "Pawnee",
            "Phillips",
            "Pottawatomie",
            "Pratt",
            "Rawlins",
            "Reno",
            "Republic",
            "Rice",
            "Riley",
            "Rooks",
            "Rush",
            "Russell",
            "Saline",
            "Scott",
            "Sedgwick",
            "Seward",
            "Shawnee",
            "Sheridan",
            "Sherman",
            "Smith",
            "Stafford",
            "Stanton",
            "Stevens",
            "Sumner",
            "Thomas",
            "Trego",
            "Wabaunsee",
            "Wallace",
            "Washington",
            "Wichita",
            "Wilson",
            "Woodson",
            "Wyandotte"
          ]
        },
        {
          "name": "Kentucky",
          "code": "KY",
          "towns": [
            "Adair",
            "Allen",
            "Anderson",
            "Ballard",
            "Barren",
            "Bath",
            "Bell",
            "Boone",
            "Bourbon",
            "Boyd",
            "Boyle",
            "Bracken",
            "Breathitt",
            "Breckinridge",
            "Bullitt",
            "Butler",
            "Caldwell",
            "Calloway",
            "Campbell",
            "Carlisle",
            "Carroll",
            "Carter",
            "Casey",
            "Christian",
            "Clark",
            "Clay",
            "Clinton",
            "Crittenden",
            "Cumberland",
            "Daviess",
            "Edmonson",
            "Elliott",
            "Estill",
            "Fayette",
            "Fleming",
            "Floyd",
            "Franklin",
            "Fulton",
            "Gallatin",
            "Garrard",
            "Grant",
            "Graves",
            "Grayson",
            "Green",
            "Greenup",
            "Hancock",
            "Hardin",
            "Harlan",
            "Harrison",
            "Hart",
            "Henderson",
            "Henry",
            "Hickman",
            "Hopkins",
            "Jackson",
            "Jefferson",
            "Jessamine",
            "Johnson",
            "Kenton",
            "Knott",
            "Knox",
            "Larue",
            "Laurel",
            "Lawrence",
            "Lee",
            "Leslie",
            "Letcher",
            "Lewis",
            "Lincoln",
            "Livingston",
            "Logan",
            "Lyon",
            "McCracken",
            "McCreary",
            "McLean",
            "Madison",
            "Magoffin",
            "Marion",
            "Marshall",
            "Martin",
            "Mason",
            "Meade",
            "Menifee",
            "Mercer",
            "Metcalfe",
            "Monroe",
            "Montgomery",
            "Morgan",
            "Muhlenberg",
            "Nelson",
            "Nicholas",
            "Ohio",
            "Oldham",
            "Owen",
            "Owsley",
            "Pendleton",
            "Perry",
            "Pike",
            "Powell",
            "Pulaski",
            "Robertson",
            "Rockcastle",
            "Rowan",
            "Russell",
            "Scott",
            "Shelby",
            "Simpson",
            "Spencer",
            "Taylor",
            "Todd",
            "Trigg",
            "Trimble",
            "Union",
            "Warren",
            "Washington",
            "Wayne",
            "Webster",
            "Whitley",
            "Wolfe",
            "Woodford"
          ]
        },
        {
          "name": "Louisiana",
          "code": "LA",
          "towns": [
            "Acadia",
            "Allen",
            "Ascension",
            "Assumption",
            "Avoyelles",
            "Beauregard",
            "Bienville",
            "Bossier",
            "Caddo",
            "Calcasieu",
            "Caldwell",
            "Cameron",
            "Catahoula",
            "Claiborne",
            "Concordia",
            "De Soto",
            "East Baton Rouge",
            "East Carroll",
            "East Feliciana",
            "Evangeline",
            "Franklin",
            "Grant",
            "Iberia",
            "Iberville",
            "Jackson",
            "Jefferson",
            "Jefferson Davis",
            "Lafayette",
            "Lafourche",
            "La Salle",
            "Lincoln",
            "Livingston",
            "Madison",
            "Morehouse",
            "Natchitoches",
            "Orleans",
            "Ouachita",
            "Plaquemines",
            "Pointe Coupee",
            "Rapides",
            "Red River",
            "Richland",
            "Sabine",
            "St. Bernard",
            "St. Charles",
            "St. Helena",
            "St. James",
            "St. John the Baptist",
            "St. Landry",
            "St. Martin",
            "St. Mary",
            "St. Tammany",
            "Tangipahoa",
            "Tensas",
            "Terrebonne",
            "Union",
            "Vermilion",
            "Vernon",
            "Washington",
            "Webster",
            "West Baton Rouge",
            "West Carroll",
            "West Feliciana",
            "Winn"
          ]
        },
        {
          "name": "Maine",
          "code": "ME",
          "towns": [
            "Androscoggin",
            "Aroostook",
            "Cumberland",
            "Franklin",
            "Hancock",
            "Kennebec",
            "Knox",
            "Lincoln",
            "Oxford",
            "Penobscot",
            "Piscataquis",
            "Sagadahoc",
            "Somerset",
            "Waldo",
            "Washington",
            "York"
          ]
        },
        {
          "name": "Maryland",
          "code": "MD",
          "towns": [
            "Allegany",
            "Anne Arundel",
            "Baltimore",
            "Calvert",
            "Caroline",
            "Carroll",
            "Cecil",
            "Charles",
            "Dorchester",
            "Frederick",
            "Garrett",
            "Harford",
            "Howard",
            "Kent",
            "Montgomery",
            "Prince George's",
            "Queen Anne's",
            "St. Mary's",
            "Somerset",
            "Talbot",
            "Washington",
            "Wicomico",
            "Worcester"
          ]
        },
        {
          "name": "Massachusetts",
          "code": "MA",
          "towns": [
            "Barnstable",
            "Berkshire",
            "Bristol",
            "Dukes",
            "Essex",
            "Franklin",
            "Hampden",
            "Hampshire",
            "Middlesex",
            "Nantucket",
            "Norfolk",
            "Plymouth",
            "Suffolk",
            "Worcester"
          ]
        },
        {
          "name": "Michigan",
          "code": "MI",
          "towns": [
            "Alcona",
            "Alger",
            "Allegan",
            "Alpena",
            "Antrim",
            "Arenac",
            "Baraga",
            "Barry",
            "Bay",
            "Benzie",
            "Berrien",
            "Branch",
            "Calhoun",
            "Cass",
            "Charlevoix",
            "Cheboygan",
            "Chippewa",
            "Clare",
            "Clinton",
            "Crawford",
            "Delta",
            "Dickinson",
            "Eaton",
            "Emmet",
            "Genesee",
            "Gladwin",
            "Gogebic",
            "Grand Traverse",
            "Gratiot",
            "Hillsdale",
            "Houghton",
            "Huron",
            "Ingham",
            "Ionia",
            "Iosco",
            "Iron",
            "Isabella",
            "Jackson",
            "Kalamazoo",
            "Kalkaska",
            "Kent",
            "Keweenaw",
            "Lake",
            "Lapeer",
            "Leelanau",
            "Lenawee",
            "Livingston",
            "Luce",
            "Mackinac",
            "Macomb",
            "Manistee",
            "Marquette",
            "Mason",
            "Mecosta",
            "Menominee",
            "Midland",
            "Missaukee",
            "Monroe",
            "Montcalm",
            "Montmorency",
            "Muskegon",
            "Newaygo",
            "Oakland",
            "Oceana",
            "Ogemaw",
            "Ontonagon",
            "Osceola",
            "Oscoda",
            "Otsego",
            "Ottawa",
            "Presque Isle",
            "Roscommon",
            "Saginaw",
            "St. Clair",
            "St. Joseph",
            "Sanilac",
            "Schoolcraft",
            "Shiawassee",
            "Tuscola",
            "Van Buren",
            "Washtenaw",
            "Wayne",
            "Wexford"
          ]
        },
        {
          "name": "Minnesota",
          "code": "MN",
          "towns": [
            "Aitkin",
            "Anoka",
            "Becker",
            "Beltrami",
            "Benton",
            "Big Stone",
            "Blue Earth",
            "Brown",
            "Carlton",
            "Carver",
            "Cass",
            "Chippewa",
            "Chisago",
            "Clay",
            "Clearwater",
            "Cook",
            "Cottonwood",
            "Crow Wing",
            "Dakota",
            "Dodge",
            "Douglas",
            "Faribault",
            "Fillmore",
            "Freeborn",
            "Goodhue",
            "Grant",
            "Hennepin",
            "Houston",
            "Hubbard",
            "Isanti",
            "Itasca",
            "Jackson",
            "Kanabec",
            "Kandiyohi",
            "Kittson",
            "Koochiching",
            "Lac qui Parle",
            "Lake",
            "Lake of the Woods",
            "Le Sueur",
            "Lincoln",
            "Lyon",
            "McLeod",
            "Mahnomen",
            "Marshall",
            "Martin",
            "Meeker",
            "Mille Lacs",
            "Morrison",
            "Mower",
            "Murray",
            "Nicollet",
            "Nobles",
            "Norman",
            "Olmsted",
            "Otter Tail",
            "Pennington",
            "Pine",
            "Pipestone",
            "Polk",
            "Pope",
            "Ramsey",
            "Red Lake",
            "Redwood",
            "Renville",
            "Rice",
            "Rock",
            "Roseau",
            "St. Louis",
            "Scott",
            "Sherburne",
            "Sibley",
            "Stearns",
            "Steele",
            "Stevens",
            "Swift",
            "Todd",
            "Traverse",
            "Wabasha",
            "Wadena",
            "Waseca",
            "Washington",
            "Watonwan",
            "Wilkin",
            "Winona",
            "Wright",
            "Yellow Medicine"
          ]
        },
        {
          "name": "Mississippi",
          "code": "MS",
          "towns": [
            "Adams",
            "Alcorn",
            "Amite",
            "Attala",
            "Benton",
            "Bolivar",
            "Calhoun",
            "Carroll",
            "Chickasaw",
            "Choctaw",
            "Claiborne",
            "Clarke",
            "Clay",
            "Coahoma",
            "Copiah",
            "Covington",
            "DeSoto",
            "Forrest",
            "Franklin",
            "George",
            "Greene",
            "Grenada",
            "Hancock",
            "Harrison",
            "Hinds",
            "Holmes",
            "Humphreys",
            "Issaquena",
            "Itawamba",
            "Jackson",
            "Jasper",
            "Jefferson",
            "Jefferson Davis",
            "Jones",
            "Kemper",
            "Lafayette",
            "Lamar",
            "Lauderdale",
            "Lawrence",
            "Leake",
            "Lee",
            "Leflore",
            "Lincoln",
            "Lowndes",
            "Madison",
            "Marion",
            "Marshall",
            "Monroe",
            "Montgomery",
            "Neshoba",
            "Newton",
            "Noxubee",
            "Oktibbeha",
            "Panola",
            "Pearl River",
            "Perry",
            "Pike",
            "Pontotoc",
            "Prentiss",
            "Quitman",
            "Rankin",
            "Scott",
            "Sharkey",
            "Simpson",
            "Smith",
            "Stone",
            "Sunflower",
            "Tallahatchie",
            "Tate",
            "Tippah",
            "Tishomingo",
            "Tunica",
            "Union",
            "Walthall",
            "Warren",
            "Washington",
            "Wayne",
            "Webster",
            "Wilkinson",
            "Winston",
            "Yalobusha",
            "Yazoo"
          ]
        },
        {
          "name": "Missouri",
          "code": "MO",
          "towns": [
            "Adair",
            "Andrew",
            "Atchison",
            "Audrain",
            "Barry",
            "Barton",
            "Bates",
            "Benton",
            "Bollinger",
            "Boone",
            "Buchanan",
            "Butler",
            "Caldwell",
            "Callaway",
            "Camden",
            "Cape Girardeau",
            "Carroll",
            "Carter",
            "Cass",
            "Cedar",
            "Chariton",
            "Christian",
            "Clark",
            "Clay",
            "Clinton",
            "Cole",
            "Cooper",
            "Crawford",
            "Dade",
            "Dallas",
            "Daviess",
            "DeKalb",
            "Dent",
            "Douglas",
            "Dunklin",
            "Franklin",
            "Gasconade",
            "Gentry",
            "Greene",
            "Grundy",
            "Harrison",
            "Henry",
            "Hickory",
            "Holt",
            "Howard",
            "Howell",
            "Iron",
            "Jackson",
            "Jasper",
            "Jefferson",
            "Johnson",
            "Knox",
            "Laclede",
            "Lafayette",
            "Lawrence",
            "Lewis",
            "Lincoln",
            "Linn",
            "Livingston",
            "McDonald",
            "Macon",
            "Madison",
            "Maries",
            "Marion",
            "Mercer",
            "Miller",
            "Mississippi",
            "Moniteau",
            "Monroe",
            "Montgomery",
            "Morgan",
            "New Madrid",
            "Newton",
            "Nodaway",
            "Oregon",
            "Osage",
            "Ozark",
            "Pemiscot",
            "Perry",
            "Pettis",
            "Phelps",
            "Pike",
            "Platte",
            "Polk",
            "Pulaski",
            "Putnam",
            "Ralls",
            "Randolph",
            "Ray",
            "Reynolds",
            "Ripley",
            "St. Charles",
            "St. Clair",
            "Ste. Genevieve",
            "St. Francois",
            "St. Louis",
            "Saline",
            "Schuyler",
            "Scotland",
            "Scott",
            "Shannon",
            "Shelby",
            "Stoddard",
            "Stone",
            "Sullivan",
            "Taney",
            "Texas",
            "Vernon",
            "Warren",
            "Washington",
            "Wayne",
            "Webster",
            "Worth",
            "Wright"
          ]
        },
        {
          "name": "Montana",
          "code": "MT"
        },
        {
          "name": "Nebraska",
          "code": "NE"
        },
        {
          "name": "Nevada",
          "code": "NV"
        },
        {
          "name": "New Hampshire",
          "code": "NH"
        },
        {
          "name": "New Jersey",
          "code": "NJ"
        },
        {
          "name": "New Mexico",
          "code": "NM"
        },
        {
          "name": "New York",
          "code": "NY"
        },
        {
          "name": "North Carolina",
          "code": "NC"
        },
        {
          "name": "North Dakota",
          "code": "ND"
        },
        {
          "name": "Ohio",
          "code": "OH"
        },
        {
          "name": "Oklahoma",
          "code": "OK"
        },
        {
          "name": "Oregon",
          "code": "OR"
        },
        {
          "name": "Pennsylvania",
          "code": "PA"
        },
        {
          "name": "Rhode Island",
          "code": "RI"
        },
        {
          "name": "South Carolina",
          "code": "SC"
        },
        {
          "name": "South Dakota",
          "code": "SD"
        },
        {
          "name": "Tennessee",
          "code": "TN"
        },
        {
          "name": "Texas",
          "code": "TX"
        },
        {
          "name": "Utah",
          "code": "UT"
        },
        {
          "name": "Vermont",
          "code": "VT"
        },
        {
          "name": "Virginia",
          "code": "VA"
        },
        {
          "name": "Washington",
          "code": "WA"
        },
        {
          "name": "West Virginia",
          "code": "WV"
        },
        {
          "name": "Wisconsin",
          "code": "WI"
        },
        {
          "name": "Wyoming",
          "code": "WY"
        }
      ]
    },
    {
      "code": "UY",
      "name": "Uruguay",
      "zipcode": "+598",
      "flag": "🇺🇾"
    },
    {
      "code": "UZ",
      "name": "Uzbekistan",
      "zipcode": "+998",
      "flag": "🇺🇿"
    },
    {
      "code": "VU",
      "name": "Vanuatu",
      "zipcode": "+678",
      "flag": "🇻🇺"
    },
    {
      "code": "VE",
      "name": "Venezuela",
      "zipcode": "+58",
      "flag": "🇻🇪"
    },
    {
      "code": "VN",
      "name": "Viet Nam",
      "zipcode": "+84",
      "flag": "🇻🇳"
    },
    {
      "code": "VG",
      "name": "Virgin Islands, British",
      "zipcode": "+1 284",
      "flag": "🇻🇬"
    },
    {
      "code": "VI",
      "name": "Virgin Islands, U.S.",
      "zipcode": "+1 340",
      "flag": "🇻🇮"
    },
    {
      "code": "WF",
      "name": "Wallis and Futuna",
      "zipcode": "+681",
      "flag": "🇼🇫"
    },
    {
      "code": "EH",
      "name": "Western Sahara",
      "zipcode": "+212",
      "flag": "🇪🇭"
    },
    {
      "code": "YE",
      "name": "Yemen",
      "zipcode": "+967",
      "flag": "🇾🇪"
    },
    {
      "code": "ZM",
      "name": "Zambia",
      "zipcode": "+260",
      "flag": "🇿🇲"
    },
    {
      "code": "ZW",
      "name": "Zimbabwe",
      "zipcode": "+263",
      "flag": "🇿🇼"
    }
  ]
}
